name,socket,form,memory_max,memory_slots,memory_type,m.2_slots
AMOG H110,LGA1151,Micro ATX,32,2,DDR3,0
ARKTEK G41,LGA775,ATX,4,2,DDR3,0
ARKTEK G41M,LGA775,Micro-ATX,4,2,DDR3,0
ARKTEK H61,LGA1155,ATX,,2,DDR3,0
ARKTEK H61M,LGA1155,Micro-ATX,,2,DDR3,0
ARKTEK H81,LGA1150,ATX,16,2,DDR3,1
ARKTEK H81M,LGA1150,Micro-ATX,16,2,DDR3,1
ASRock A620AM-HVS,AM5,Micro ATX,128,2,DDR5,2
ASRock A620M Pro RS,AM5,Micro ATX,256,4,DDR5,3
ASRock B550 Phantom Gaming 4,AM4,ATX,128,4,DDR4,2
ASRock B550 Pro4,AM4,ATX,128,4,DDR4,2
ASRock B650 PG LIGHTNING,AM5,ATX,256,4,DDR5,3
ASRock B650 Steel Legend,AM5,ATX,256,4,DDR5,3
ASRock B650M Pro RS,AM5,Micro ATX,256,4,DDR5,3
ASRock B650M-HDV/M.2,AM5,Micro ATX,96,2,DDR5,2
ASRock B760 Pro RS,LGA1700,ATX,192,4,DDR5,3
ASRock B860 Pro RS WiFi,LGA1851,ATX,256,4,DDR5,3
ASRock H310CM-DVS,LGA1151,Micro ATX,32,2,DDR4,0
ASRock H470M-HDV,LGA1200,Micro ATX,64,2,DDR4,0
ASRock H510M,LGA1200,Micro ATX,64,2,DDR4,0
ASRock H510M-H2/M.2 SE,LGA1200,Micro ATX,64,2,DDR4,1
ASRock H510M-HDV R2.0,LGA1200,Micro ATX,64,2,DDR4,0
ASRock H510M-HDV/M.2,LGA1200,Micro ATX,64,2,DDR4,1
ASRock H510M-HDV/M.2 SE,LGA1200,Micro ATX,64,2,DDR4,1
ASRock H510M-HVS,LGA1200,Micro ATX,64,2,DDR4,0
ASRock H610M-HDV,LGA1700,Micro ATX,64,2,DDR4,0
ASRock H810M-X WiFi,LGA1851,Micro ATX,128,2,DDR5,1
ASRock Z790 LiveMixer,LGA1700,ATX,256,4,DDR5,5
ASRock X870 Pro RS WiFi,AM5,ATX,256,4,DDR5,3
ASRock X870 Steel Legend,AM5,ATX,256,4,DDR5,2
ASRock X870 Steel Legend WiFi,AM5,ATX,256,4,DDR5,2
ASRock Z790 PG Lightning,LGA1700,ATX,256,4,DDR5,4
ASRock Z790 Pro RS,LGA1700,ATX,256,4,DDR5,4
ASUS TUF GAMING A520M-PLUS,AM4,Micro ATX,128,4,DDR4,1
ASUS A620M-F GAMING WiFi,AM5,Micro ATX,128,2,DDR4,2
ASUS B650E MAX GAMING WIFI,AM5,ATX,192,4,DDR5,3
ASUS B650E MAX GAMING WiFi W,AM5,ATX,256,4,DDR5,3
ASUS PRIME A520M-R,AM4,Micro ATX,64,2,DDR4,1
ASUS PRIME B450-PLUS,AM4,ATX,64,4,DDR4,1
ASUS PRIME B650M-A WiFi II,AM5,Micro ATX,192,4,DDR5,2
ASUS PRIME B650M-R,AM5,Micro ATX,96,2,DDR5,2
ASUS PRIME B660M-K D4,LGA1700,Micro ATX,64,2,DDR4,2
ASUS PRIME B840-PLUS WiFi,AM5,ATX,192,4,DDR5,3
ASUS B850 MAX GAMING WiFi,AM5,ATX,256,4,DDR5,3
ASUS B860M MAX GAMING AX,LGA1851,Micro ATX,256,4,DDR5,3
ASUS B860M MAX GAMING AX WiFi,LGA1851,Micro ATX,256,4,DDR5,3
ASUS A620M-F GAMING WiFi,AM5,Micro ATX,128,2,DDR5,2
ASUS ROG STRIX B550-A GAMING,AM4,ATX,128,4,DDR4,2
ASUS TUF GAMING Z690-PLUS WIFI D4,LGA1700,ATX,128,4,DDR4,4
ASUS TUF GAMING Z590-PLUS WiFi,LGA1200,ATX,128,4,DDR4,3
ASUS PRIME H510M-R R2.0,LGA1200,Micro ATX,64,2,DDR4,0
ASUS PRIME A320M-K,AM4,Micro ATX,32,2,DDR4,1
ASUS PRIME A520M-A II,AM4,Micro ATX,128,4,DDR4,1
ASUS PRIME A520M-R,AM4,Micro ATX,64,2,DDR4,1
ASUS PRIME A620M-K,AM5,Micro ATX,96,2,DDR5,1
ASUS PRIME B450M-A,AM4,Micro ATX,64,4,DDR4,1
ASUS PRIME B550M-A,AM4,Micro ATX,128,4,DDR4,2
ASUS PRIME B550M-K,AM4,Micro ATX,128,4,DDR4,2
ASUS PRIME B560M-K,LGA1200,Micro ATX,64,2,DDR4,2
ASUS PRIME B650-PLUS WiFi,AM5,ATX,192,4,DDR5,2
ASUS PRIME B650M-A II,AM5,Micro ATX,192,4,DDR5,2
ASUS PRIME B650M-A WiFi II,AM5,Micro ATX,192,4,DDR5,2
ASUS PRIME B650M-K,AM5,Micro ATX,96,2,DDR5,2
ASUS PRIME B650M-R,AM5,Micro ATX,96,2,DDR5,2
ASUS PRIME B660M-A D4,LGA1700,Micro ATX,128,4,DDR4,2
ASUS PRIME B660M-K D4,LGA1700,Micro ATX,64,2,DDR4,2
ASUS PRIME B760-PLUS,LGA1700,ATX,192,4,DDR5,3
ASUS PRIME B760M-A D4,LGA1700,Micro ATX,128,4,DDR4,2
ASUS PRIME B760M-A WiFi,LGA1700,Micro ATX,192,4,DDR5,2
ASUS PRIME B760M-A WiFi D4,LGA1700,Micro ATX,128,4,DDR4,2
ASUS PRIME B760M-K,LGA1700,Micro ATX,96,2,DDR5,2
ASUS PRIME B760M-K D4,LGA1700,Micro ATX,64,2,DDR4,2
ASUS PRIME B760M-R,LGA1700,Micro ATX,64,2,DDR4,2
ASUS PRIME B840-PLUS WiFi,AM5,ATX,192,4,DDR5,3
ASUS PRIME B860M-A WiFi,LGA1851,Micro ATX,256,4,DDR5,2
ASUS PRIME H510M-K,LGA1200,Micro ATX,64,2,DDR4,1
ASUS PRIME H510M-K R2.0,LGA1200,Micro ATX,64,2,DDR4,1
ASUS PRIME H510M-R R2.0,LGA1200,Micro ATX,64,2,DDR4,0
ASUS PRIME H610M-A D4,LGA1700,Micro ATX,64,2,DDR4,2
ASUS PRIME H610M-A D4-CSM,LGA1700,Micro ATX,64,2,DDR4,2
ASUS PRIME H610M-K,LGA1700,Micro ATX,96,2,DDR5,1
ASUS PRIME H610M-K D4,LGA1700,Micro ATX,64,2,DDR4,1
ASUS PRIME H610M-K ARGB,LGA1700,Micro ATX,96,2,DDR5,1
ASUS PRIME H610M-K D4 ARGB,LGA1700,Micro ATX,64,2,DDR4,1
ASUS PRIME H770 PLUS,LGA1700,ATX,192,4,DDR5,3
ASUS PRIME H770 PLUS D4,LGA1700,ATX,128,4,DDR4,3
ASUS PRIME H810M-A WiFi,LGA1851,Micro ATX,128,2,DDR5,2
ASUS PRIME TRX40-Pro,sTRX4,ATX,256,8,DDR4,3
ASUS PRIME X670-P WiFi,AM5,ATX,192,4,DDR5,3
ASUS PRIME X670-P WiFi-CSM,AM5,ATX,192,4,DDR5,3
ASUS PRIME Z590-A,LGA1200,ATX,128,4,DDR4,3
ASUS PRIME Z690-P,LGA1700,ATX,192,4,DDR5,3
ASUS PRIME  Z690-P D4,LGA1700,ATX,128,4,DDR4,3
ASUS PRIME Z690-P WiFi D4,LGA1700,ATX,128,4,DDR4,3
ASUS PRIME Z790-A WiFi,LGA1700,ATX,192,4,DDR5,4
ASUS PRIME Z790-P WiFi,LGA1700,ATX,192,4,DDR5,3
ASUS PRIME Z790M-PLUS,LGA1700,Micro ATX,192,4,DDR5,3
ASUS PRIME Z790M-PLUS D4,LGA1700,Micro ATX,128,4,DDR4,3
ASUS PRIME Z890-P WiFi,LGA1851,ATX,256,4,DDR5,4
ASUS ProArt B660-CREATOR D4,LGA1700,ATX,128,4,DDR4,3
ASUS ProArt B760-CREATOR WiFi,LGA1700,ATX,192,4,DDR5,3
ASUS ProArt B550-CREATOR,AM4,ATX,128,4,DDR4,2
ASUS ProArt X670E-CREATOR WiFi,AM5,ATX,128,4,DDR5,4
ASUS ProArt X870E-CREATOR WiFi,AM5,ATX,256,4,DDR5,4
ASUS ProArt Z890-CREATOR WiFi,LGA1851,ATX,256,4,DDR5,5
ASUS ProArt Z690-CREATOR WiFi,LGA1700,ATX,192,4,DDR5,4
ASUS ProArt Z790-CREATOR WiFi,LGA1700,ATX,192,4,DDR5,4
ASUS ROG CROSSHAIR X870E HERO,AM5,ATX,256,4,DDR5,4
ASUS ROG MAXIMUS Z790 HERO,LGA1700,ATX,192,4,DDR5,3
ASUS ROG STRIX B560-A GAMING WiFi,LGA1200,ATX,128,4,DDR4,2
ASUS ROG STRIX B560-G GAMING WiFi,LGA1200,Micro ATX,128,4,DDR4,2
ASUS ROG STRIX B650-A GAMING WiFi,AM5,ATX,192,4,DDR5,3
ASUS ROG STRIX B650E-F GAMING WiFi,AM5,ATX,192,4,DDR5,3
ASUS ROG STRIX B660-I GAMING WiFi,LGA1700,Mini ITX,96,2,DDR5,2
ASUS ROG STRIX B850-A GAMING WiFi,AM5,ATX,192,4,DDR5,4
ASUS ROG STRIX B850-F GAMING WiFi,AM5,ATX,192,4,DDR5,4
ASUS ROG STRIX B860-A GAMING WiFi,LGA1851,ATX,256,4,DDR5,4
ASUS ROG STRIX Z690-A GAMING WIFI,LGA1700,ATX,192,4,DDR5,4
ASUS ROG STRIX Z690-A GAMING WIFI D4,LGA1700,ATX,128,4,DDR4,4
ASUS ROG STRIX X570-E GAMING WiFi II,AM4,ATX,128,4,DDR4,2
ASUS ROG STRIX X570-F GAMING,AM4,ATX,128,4,DDR4,2
ASUS ROG STRIX X870-A GAMING WiFi,AM5,ATX,256,4,DDR5,4
ASUS ROG STRIX X870E-H GAMING WiFi7 HATSA MIKU EDITION,AM5,ATX,256,4,DDR5,4
ASUS ROG STRIX Z490-F GAMING,LGA1200,ATX,128,4,DDR4,2
ASUS ROG STRIX Z490-H GAMING,LGA1200,ATX,128,4,DDR4,2
ASUS ROG STRIX Z590-F GAMING WiFi,LGA1200,ATX,128,4,DDR4,3
ASUS ROG STRIX Z690-A GAMING WiFi,LGA1700,ATX,192,4,DDR5,4
ASUS ROG STRIX Z690-A GAMING WiFi D4,LGA1700,ATX,128,4,DDR4,4
ASUS ROG STRIX Z790-A GAMING,LGA1700,ATX,192,4,DDR5,4
ASUS ROG STRIX Z790-F GAMING WiFi,LGA1700,ATX,192,4,DDR5,4
ASUS ROG STRIX Z790-F GAMING WiFi II,LGA1700,ATX,192,4,DDR5,5
ASUS ROG STRIX Z890-A GAMING WiFi,LGA1851,ATX,256,4,DDR5,5
ASUS ROG STRIX Z890-E GAMING WiFi,LGA1851,ATX,256,4,DDR5,7
ASUS ROG STRIX Z890-F GAMING WiFi,LGA1851,ATX,256,4,DDR5,5
ASUS ROG STRIX Z890-H GAMING WiFi,LGA1851,ATX,256,4,DDR5,4
ASUS ROG ZENITH II EXTREME,sTRX4,EATX,256,8,DDR4,5
ASUS TUF GAMING A620-Pro WiFi,AM5,ATX,192,4,DDR5,2
ASUS TUF B450-Pro GAMING,AM4,ATX,64,4,DDR4,2
ASUS TUF B450M-K,AM4,Micro ATX,32,2,DDR4,1
ASUS TUF GAMING B550M-PLUS,AM4,Micro ATX,128,4,DDR4,2
ASUS TUF GAMING B560M PLUS,LGA1200,Micro ATX,128,4,DDR4,2
ASUS TUF GAMING B660-PLUS WiFi D4,LGA1700,ATX,128,4,DDR4,3
ASUS TUF GAMING B760 PLUS WiFi,LGA1700,ATX,192,4,DDR5,3
ASUS TUF GAMING A550M-PLUS WiFi II D4,AM4,Micro ATX,128,4,DDR4,2
ASUS TUF GAMING A620-Pro WiFi,AM5,ATX,192,4,DDR5,2
ASUS TUF GAMING A620AM-PLUS,AM5,Micro ATX,256,4,DDR5,2
ASUS TUF GAMING A620M-PLUS,AM5,Micro ATX,192,4,DDR5,2
ASUS TUF GAMING A620M-PLUS WiFi,AM5,Micro ATX,192,4,DDR5,2
ASUS TUF GAMING B550-PLUS WiFi,AM4,ATX,128,4,DDR4,2
ASUS TUF GAMING B550-Pro,AM4,ATX,128,4,DDR4,2
ASUS TUF GAMING B550M-E,AM4,Micro ATX,128,4,DDR4,2
ASUS TUF GAMING B550M-PLUS WiFi II,AM4,Micro ATX,128,4,DDR4,2
ASUS TUF GAMING B560M-PLUS,LGA1200,Micro ATX,128,4,DDR4,2
ASUS TUF GAMING B560M-PLUS WiFi,LGA1200,Micro ATX,128,4,DDR4,2
ASUS TUF GAMING B650-PLUS WiFi,AM5,ATX,128,4,DDR5,3
ASUS TUF GAMING B760M-PLUS WiFi II,LGA1700,Micro ATX,192,4,DDR5,3
ASUS TUF GAMING B850-PLUS WiFi,AM5,ATX,256,4,DDR5,3
ASUS TUF GAMING X570-PLUS,AM4,ATX,128,4,DDR4,2
ASUS TUF GAMING X570-PLUS WiFi,AM4,ATX,128,4,DDR4,2
ASUS TUF GAMING X870-PLUS WiFi,AM5,ATX,192,4,DDR5,4
ASUS TUF GAMING Z690 PLUS,LGA1700,ATX,192,4,DDR5,4
ASUS TUF GAMING Z690 PLUS WiFi,LGA1700,ATX,192,4,DDR5,4
ASUS TUF GAMING Z690 PLUS D4,LGA1700,ATX,128,4,DDR4,4
ASUS TUF GAMING Z690 PLUS WiFi D4,LGA1700,ATX,128,4,DDR4,4
ASUS TUF GAMING Z790-PLUS WiFi,LGA1700,ATX,192,4,DDR5,4
ASUS TUF GAMING Z790-PLUS WiFi D4,LGA1700,ATX,128,4,DDR4,4
ASUS TUF GAMING Z890-Pro WiFi,LGA1851,ATX,256,4,DDR5,4
ASUS TUF GAMING X570-PLUS,AM4,ATX,128,4,DDR4,2
ASUS TUF GAMING X870 PLUS WiFi,AM5,ATX,192,4,DDR5,4
ASUS TUF GAMING Z490 PLUS,LGA1200,ATX,128,4,DDR4,2
ASUS TUF GAMING Z490 PLUS WiFi,LGA1200,ATX,128,4,DDR4,2
ASUS TUF GAMING X870-PLUS,AM5,ATX,192,4,DDR5,4
ASUS X870 MAX GAMING WiFi7,AM5,ATX,256,4,DDR5,3
ASUS X870 MAX GAMING WiFi7 W,AM5,ATX,256,4,DDR5,3
Biostar A520MHP,AM4,Micro ATX,64,2,DDR4,1
Biostar H510M 2.0,LGA1200,Micro ATX,64,2,DDR4,1
Biostar H81M-IDE,LGA1150,Micro ATX,16,2,DDR3,0
MSI MAG B660M MORTAR WiFi DDR4,LGA1700,Micro ATX,128,4,DDR4,2
MSI Pro B760M-A WiFi DDR4,LGA1700,Micro ATX,128,4,DDR4,2
Gigabyte B850 EAGLE WiFi6E,AM5,ATX,256,4,DDR5,3
Gigabyte X870 EAGLE WiFi7,AM5,ATX,256,4,DDR5,3
Gigabyte H410M S2H V3,LGA1200,Micro ATX,64,2,DDR4,1
Gigabyte H510M H,LGA1200,Micro ATX,64,2,DDR4,1
Gigabyte Z590 AORUS ELITE AX,LGA1200,ATX,128,4,DDR4,3
Gigabyte B650M S2H,AM5,Micro ATX,96,2,DDR5,1
Gigabyte A520M K V2,AM4,Micro ATX,64,2,DDR4,1
Gigabyte A520M S2H,AM4,Micro ATX,64,2,DDR4,1
Gigabyte A620M DS3H,AM5,Micro ATX,192,4,DDR5,1
Gigabyte A620M GAMING X AX,AM5,Micro ATX,192,4,DDR5,1
Gigabyte A620M GAMING X,AM5,Micro ATX,192,4,DDR5,1
Gigabyte A620M H,AM5,Micro ATX,96,2,DDR5,1
Gigabyte B650 UD AC,AM5,ATX,192,4,DDR5,3
Gigabyte B450 AORUS ELITE,AM4,ATX,64,4,DDR4,2
Gigabyte B450 AORUS Pro,AM4,ATX,64,4,DDR4,2
Gigabyte B450 S2H V2,AM4,Micro ATX,64,2,DDR4,1
Gigabyte B460M AORUS Pro,LGA1200,Micro ATX,128,4,DDR4,2
Gigabyte B460M DS3H,LGA1200,Micro ATX,128,4,DDR4,1
Gigabyte B550 AORUS ELITE V2,AM4,ATX,128,4,DDR4,2
Gigabyte B550 VISION D,AM4,ATX,128,4,DDR4,2
Gigabyte B550M AORUS ELITE,AM4,Micro ATX,128,4,DDR4,2
Gigabyte B550M AORUS ELITE AX,AM4,Micro ATX,128,4,DDR4,2
Gigabyte B550M DS3H,AM4,Micro ATX,128,4,DDR4,2
Gigabyte B550M GAMING,AM4,Micro ATX,64,2,DDR4,1
Gigabyte B550M GAMING X WiFi6,AM4,Micro ATX,128,4,DDR4,2
Gigabyte B550M H,AM4,Micro ATX,64,2,DDR4,1
Gigabyte B550M K,AM4,Micro ATX,128,4,DDR4,2
Gigabyte B560 HD3,LGA1200,ATX,128,4,DDR4,2
Gigabyte B560M AORUS ELITE,LGA1200,Micro ATX,128,4,DDR4,2
Gigabyte B560M DS3H,LGA1200,Micro ATX,128,4,DDR4,2
Gigabyte B560M DS3H V2,LGA1200,Micro ATX,128,4,DDR4,2
Gigabyte B650 AORUS ELITE AX ICE,AM5,ATX,192,4,DDR5,3
Gigabyte B650 EAGLE AX,AM5,ATX,192,4,DDR5,3
Gigabyte B650 GAMING X AX,AM5,ATX,192,4,DDR5,3
Gigabyte B650 UD AC,AM5,ATX,192,4,DDR5,3
Gigabyte B650M AORUS ELITE AX,AM5,Micro ATX,192,4,DDR5,2
Gigabyte B650M GAMING WiFi6E,AM5,Micro ATX,128,2,DDR5,1
Gigabyte B650M GAMING X AX,AM5,Micro ATX,192,4,DDR5,2
Gigabyte B650M S2H,AM5,Micro ATX,96,2,DDR5,1
Gigabyte B660 GAMING X AX DDR4,LGA1700,ATX,128,4,DDR4,3
Gigabyte B660M AORUS Pro AX DDR4,LGA1700,Micro ATX,128,4,DDR4,2
Gigabyte B660M GAMING AC DDR4,LGA1700,Micro ATX,64,2,DDR4,2
Gigabyte B760 AORUS ELITE AX,LGA1700,ATX,192,4,DDR5,3
Gigabyte B760 DS3H AX,LGA1700,ATX,192,4,DDR5,2
Gigabyte B760 DS3H AX DDR4,LGA1700,ATX,128,4,DDR4,2
Gigabyte B760 GAMING X,LGA1700,ATX,256,4,DDR5,3
Gigabyte B760 GAMING X AX,LGA1700,ATX,192,4,DDR5,3
Gigabyte B760 GAMING X AX DDR4,LGA1700,Micro ATX,128,4,DDR4,2
Gigabyte B760M AORUS ELITE AX,LGA1700,Micro ATX,192,4,DDR5,2
Gigabyte B760M AORUS ELITE AX DDR4,LGA1700,Micro ATX,128,4,DDR4,2
Gigabyte B760M D3HP,LGA1700,Micro ATX,192,4,DDR5,2
Gigabyte B760M GAMING DDR4,LGA1700,Micro ATX,64,2,DDR4,2
Gigabyte B760M H DDR4,LGA1700,Micro ATX,64,2,DDR4,2
Gigabyte B850 EAGLE ICE,AM5,ATX,256,4,DDR5,3
Gigabyte B850 EAGLE WiFi6E,AM5,ATX,256,4,DDR5,3
Gigabyte B850 GAMING WiFi6,AM5,ATX,256,4,DDR5,3
Gigabyte Z790 EAGLE AX,LGA1700,ATX,256,4,DDR5,3
Gigabyte Z790 GAMING X AX,LGA1700,ATX,256,4,DDR5,4